<?xml version="1.0" encoding="utf-8"?>
<resources>
<color name="common_signin_btn_dark_text_default">@android:color/white</color>
<color name="common_signin_btn_dark_text_pressed">@android:color/white</color>
<color name="common_signin_btn_dark_text_disabled">#ffaaaaaa</color>
<color name="common_signin_btn_dark_text_focused">@android:color/white</color>
<color name="common_signin_btn_light_text_default">#ff737373</color>
<color name="common_signin_btn_light_text_pressed">@android:color/white</color>
<color name="common_signin_btn_light_text_disabled">#ffaaaaaa</color>
<color name="common_signin_btn_light_text_focused">#ff737373</color>
<color name="common_signin_btn_default_background">#ffdd4b39</color>
<color name="common_action_bar_splitter">#ffd2d2d2</color>
<color name="username_text">#ffffffff</color>
<color name="username_edit">#ff000000</color>
<color name="password_text">#ffffffff</color>
<color name="password_edit">#ff000000</color>
<color name="ssl_text_label">#ffffffff</color>
<color name="ssl_text_value">#ffffffff</color>
<color name="white">#ffffffff</color>
<color name="black">#ff000000</color>
<color name="geolocation_permissions_prompt_background">#ffdddddd</color>
</resources>
