<?xml version="1.0" encoding="utf-8"?>
<resources>
<item type="id" name="fullscreen_custom_content">false</item>
<item type="id" name="error_console">false</item>
<item type="id" name="main_content">false</item>
<item type="id" name="scrollView1">false</item>
<item type="id" name="layoutPublisher">false</item>
<item type="id" name="spMenu">false</item>
<item type="id" name="layoutWebsite">false</item>
<item type="id" name="spArc">false</item>
<item type="id" name="ivPublisher">false</item>
<item type="id" name="tvPublisher">false</item>
<item type="id" name="ivWebsite">false</item>
<item type="id" name="tvWebsite">false</item>
<item type="id" name="layoutEmail">false</item>
<item type="id" name="ivEmail">false</item>
<item type="id" name="tvEmail">false</item>
<item type="id" name="layoutContactNo">false</item>
<item type="id" name="ivContactNo">false</item>
<item type="id" name="tvContactNo">false</item>
<item type="id" name="layoutShare">false</item>
<item type="id" name="ivShare">false</item>
<item type="id" name="tvShare">false</item>
<item type="id" name="layoutMessage">false</item>
<item type="id" name="ivMessage">false</item>
<item type="id" name="tvMessage">false</item>
<item type="id" name="layoutMain">false</item>
<item type="id" name="ivImage">false</item>
<item type="id" name="tvTitle">false</item>
<item type="id" name="tvQuestion">false</item>
<item type="id" name="etAnswer">false</item>
<item type="id" name="my_wait">false</item>
<item type="id" name="layoutTitle">false</item>
<item type="id" name="ibBack">false</item>
<item type="id" name="ibRefresh">false</item>
<item type="id" name="ibQuestion">false</item>
<item type="id" name="tvAlert">false</item>
<item type="id" name="lvList">false</item>
<item type="id" name="layerMCB_SInfo">false</item>
<item type="id" name="tvMCB_SId">false</item>
<item type="id" name="tvMCB_STime">false</item>
<item type="id" name="layerMCB_RInfo">false</item>
<item type="id" name="tvMCB_RTime">false</item>
<item type="id" name="tvMCB_RId">false</item>
<item type="id" name="layerMCB_SContents">false</item>
<item type="id" name="tvMCB_SContents">false</item>
<item type="id" name="layerMCB_RContents">false</item>
<item type="id" name="tvMCB_RContents">false</item>
<item type="id" name="progress_indicator">false</item>
<item type="id" name="youtube_view">false</item>
<item type="id" name="option_home">false</item>
<item type="id" name="option_back">false</item>
<item type="id" name="option_forward">false</item>
<item type="id" name="option_menu">false</item>
<item type="id" name="option_refresh">false</item>
<item type="id" name="option_finish">false</item>
</resources>
