<?xml version="1.0" encoding="utf-8"?>
<resources>
<public type="attr" name="adSize" id="0x7f010000" />
<public type="attr" name="adSizes" id="0x7f010001" />
<public type="attr" name="adUnitId" id="0x7f010002" />
<public type="attr" name="mapType" id="0x7f010003" />
<public type="attr" name="cameraBearing" id="0x7f010004" />
<public type="attr" name="cameraTargetLat" id="0x7f010005" />
<public type="attr" name="cameraTargetLng" id="0x7f010006" />
<public type="attr" name="cameraTilt" id="0x7f010007" />
<public type="attr" name="cameraZoom" id="0x7f010008" />
<public type="attr" name="uiCompass" id="0x7f010009" />
<public type="attr" name="uiRotateGestures" id="0x7f01000a" />
<public type="attr" name="uiScrollGestures" id="0x7f01000b" />
<public type="attr" name="uiTiltGestures" id="0x7f01000c" />
<public type="attr" name="uiZoomControls" id="0x7f01000d" />
<public type="attr" name="uiZoomGestures" id="0x7f01000e" />
<public type="attr" name="useViewLifecycle" id="0x7f01000f" />
<public type="attr" name="zOrderOnTop" id="0x7f010010" />
<public type="attr" name="fromDegrees" id="0x7f010011" />
<public type="attr" name="toDegrees" id="0x7f010012" />
<public type="attr" name="childSize" id="0x7f010013" />
<public type="attr" name="leftHolderWidth" id="0x7f010014" />
<public type="drawable" name="basic_image_border" id="0x7f020001" />
<public type="drawable" name="basic_layout_bg" id="0x7f020002" />
<public type="drawable" name="basic_text_bg" id="0x7f020003" />
<public type="drawable" name="bg_button" id="0x7f020004" />
<public type="drawable" name="bg_menu_location" id="0x7f020005" />
<public type="drawable" name="bg_popup" id="0x7f020006" />
<public type="drawable" name="change_position" id="0x7f020007" />
<public type="drawable" name="common_signin_btn_icon_dark" id="0x7f020008" />
<public type="drawable" name="common_signin_btn_icon_light" id="0x7f02000f" />
<public type="drawable" name="common_signin_btn_text_dark" id="0x7f020014" />
<public type="drawable" name="common_signin_btn_text_light" id="0x7f02001b" />
<public type="drawable" name="composer_button" id="0x7f020020" />
<public type="drawable" name="composer_button_normal" id="0x7f020021" />
<public type="drawable" name="composer_button_pressed" id="0x7f020022" />
<public type="drawable" name="composer_icn_plus" id="0x7f020023" />
<public type="drawable" name="composer_icn_plus_normal" id="0x7f020024" />
<public type="drawable" name="composer_icn_plus_pressed" id="0x7f020025" />
<public type="drawable" name="default_video_poster" id="0x7f02002c" />
<public type="drawable" name="title_button_bg" id="0x7f02004c" />
<public type="drawable" name="common_signin_btn_icon_disabled_dark" id="0x7f020009" />
<public type="drawable" name="common_signin_btn_icon_disabled_focus_dark" id="0x7f02000a" />
<public type="drawable" name="common_signin_btn_icon_disabled_focus_light" id="0x7f02000b" />
<public type="drawable" name="common_signin_btn_icon_disabled_light" id="0x7f02000c" />
<public type="drawable" name="common_signin_btn_icon_focus_dark" id="0x7f02000d" />
<public type="drawable" name="common_signin_btn_icon_focus_light" id="0x7f02000e" />
<public type="drawable" name="common_signin_btn_icon_normal_dark" id="0x7f020010" />
<public type="drawable" name="common_signin_btn_icon_normal_light" id="0x7f020011" />
<public type="drawable" name="common_signin_btn_icon_pressed_dark" id="0x7f020012" />
<public type="drawable" name="common_signin_btn_icon_pressed_light" id="0x7f020013" />
<public type="drawable" name="common_signin_btn_text_disabled_dark" id="0x7f020015" />
<public type="drawable" name="common_signin_btn_text_disabled_focus_dark" id="0x7f020016" />
<public type="drawable" name="common_signin_btn_text_disabled_focus_light" id="0x7f020017" />
<public type="drawable" name="common_signin_btn_text_disabled_light" id="0x7f020018" />
<public type="drawable" name="common_signin_btn_text_focus_dark" id="0x7f020019" />
<public type="drawable" name="common_signin_btn_text_focus_light" id="0x7f02001a" />
<public type="drawable" name="common_signin_btn_text_normal_dark" id="0x7f02001c" />
<public type="drawable" name="common_signin_btn_text_normal_light" id="0x7f02001d" />
<public type="drawable" name="common_signin_btn_text_pressed_dark" id="0x7f02001e" />
<public type="drawable" name="common_signin_btn_text_pressed_light" id="0x7f02001f" />
<public type="drawable" name="d1" id="0x7f020026" />
<public type="drawable" name="d2" id="0x7f020027" />
<public type="drawable" name="d3" id="0x7f020028" />
<public type="drawable" name="d4" id="0x7f020029" />
<public type="drawable" name="device_access_storage" id="0x7f02002d" />
<public type="drawable" name="ic_contact" id="0x7f02002f" />
<public type="drawable" name="ic_default_menu" id="0x7f020030" />
<public type="drawable" name="ic_email" id="0x7f020032" />
<public type="drawable" name="ic_exit" id="0x7f020033" />
<public type="drawable" name="ic_home" id="0x7f020034" />
<public type="drawable" name="ic_launcher" id="0x7f020035" />
<public type="drawable" name="ic_menu" id="0x7f020036" />
<public type="drawable" name="ic_menu_all" id="0x7f020037" />
<public type="drawable" name="ic_menu_finish" id="0x7f020038" />
<public type="drawable" name="ic_menu_home" id="0x7f020039" />
<public type="drawable" name="ic_menu_option" id="0x7f02003a" />
<public type="drawable" name="ic_menu_publisher" id="0x7f02003b" />
<public type="drawable" name="ic_notice" id="0x7f02003c" />
<public type="drawable" name="ic_plusone_medium_off_client" id="0x7f02003d" />
<public type="drawable" name="ic_plusone_small_off_client" id="0x7f02003e" />
<public type="drawable" name="ic_plusone_standard_off_client" id="0x7f02003f" />
<public type="drawable" name="ic_plusone_tall_off_client" id="0x7f020040" />
<public type="drawable" name="ic_refresh" id="0x7f020041" />
<public type="drawable" name="ic_share" id="0x7f020043" />
<public type="drawable" name="ic_website" id="0x7f020044" />
<public type="drawable" name="navigation_next_item" id="0x7f020049" />
<public type="drawable" name="navigation_previous_item" id="0x7f02004a" />
<public type="drawable" name="navigation_refresh" id="0x7f02004b" />
<public type="drawable" name="ab_solid_img2app" id="0x7f020000" />
<public type="drawable" name="d5" id="0x7f02002a" />
<public type="drawable" name="d6" id="0x7f02002b" />
<public type="drawable" name="ic_edit_dis" id="0x7f020031" />
<public type="drawable" name="ic_request_dis" id="0x7f020042" />
<public type="drawable" name="mcb_notibg" id="0x7f020045" />
<public type="drawable" name="mcb_receiver_bg" id="0x7f020046" />
<public type="drawable" name="mcb_sender_bg" id="0x7f020047" />
<public type="drawable" name="menu_empty" id="0x7f020048" />
<public type="drawable" name="ic_ad" id="0x7f02002e" />
<public type="layout" name="custom_screen" id="0x7f030000" />
<public type="layout" name="ib_option" id="0x7f030001" />
<public type="layout" name="ib_viewer_last" id="0x7f030002" />
<public type="layout" name="ib_viewer_splash" id="0x7f030003" />
<public type="layout" name="input_dialog" id="0x7f030004" />
<public type="layout" name="my_wait" id="0x7f030005" />
<public type="layout" name="noti_message" id="0x7f030006" />
<public type="layout" name="question_board" id="0x7f030007" />
<public type="layout" name="question_board_row" id="0x7f030008" />
<public type="layout" name="video_loading_progress" id="0x7f030009" />
<public type="layout" name="youtube_playerview" id="0x7f03000a" />
<public type="anim" name="in" id="0x7f040000" />
<public type="anim" name="out" id="0x7f040001" />
<public type="color" name="common_signin_btn_dark_text_default" id="0x7f050000" />
<public type="color" name="common_signin_btn_dark_text_pressed" id="0x7f050001" />
<public type="color" name="common_signin_btn_dark_text_disabled" id="0x7f050002" />
<public type="color" name="common_signin_btn_dark_text_focused" id="0x7f050003" />
<public type="color" name="common_signin_btn_light_text_default" id="0x7f050004" />
<public type="color" name="common_signin_btn_light_text_pressed" id="0x7f050005" />
<public type="color" name="common_signin_btn_light_text_disabled" id="0x7f050006" />
<public type="color" name="common_signin_btn_light_text_focused" id="0x7f050007" />
<public type="color" name="common_signin_btn_default_background" id="0x7f050008" />
<public type="color" name="common_action_bar_splitter" id="0x7f050009" />
<public type="color" name="username_text" id="0x7f05000a" />
<public type="color" name="username_edit" id="0x7f05000b" />
<public type="color" name="password_text" id="0x7f05000c" />
<public type="color" name="password_edit" id="0x7f05000d" />
<public type="color" name="ssl_text_label" id="0x7f05000e" />
<public type="color" name="ssl_text_value" id="0x7f05000f" />
<public type="color" name="white" id="0x7f050010" />
<public type="color" name="black" id="0x7f050011" />
<public type="color" name="geolocation_permissions_prompt_background" id="0x7f050012" />
<public type="color" name="common_signin_btn_text_dark" id="0x7f050013" />
<public type="color" name="common_signin_btn_text_light" id="0x7f050014" />
<public type="id" name="none" id="0x7f060000" />
<public type="id" name="normal" id="0x7f060001" />
<public type="id" name="satellite" id="0x7f060002" />
<public type="id" name="terrain" id="0x7f060003" />
<public type="id" name="hybrid" id="0x7f060004" />
<public type="id" name="fullscreen_custom_content" id="0x7f060005" />
<public type="id" name="error_console" id="0x7f060006" />
<public type="id" name="main_content" id="0x7f060007" />
<public type="id" name="scrollView1" id="0x7f060008" />
<public type="id" name="layoutPublisher" id="0x7f060009" />
<public type="id" name="spMenu" id="0x7f06000a" />
<public type="id" name="layoutWebsite" id="0x7f06000b" />
<public type="id" name="spArc" id="0x7f06000c" />
<public type="id" name="ivPublisher" id="0x7f06000d" />
<public type="id" name="tvPublisher" id="0x7f06000e" />
<public type="id" name="ivWebsite" id="0x7f06000f" />
<public type="id" name="tvWebsite" id="0x7f060010" />
<public type="id" name="layoutEmail" id="0x7f060011" />
<public type="id" name="ivEmail" id="0x7f060012" />
<public type="id" name="tvEmail" id="0x7f060013" />
<public type="id" name="layoutContactNo" id="0x7f060014" />
<public type="id" name="ivContactNo" id="0x7f060015" />
<public type="id" name="tvContactNo" id="0x7f060016" />
<public type="id" name="layoutShare" id="0x7f060017" />
<public type="id" name="ivShare" id="0x7f060018" />
<public type="id" name="tvShare" id="0x7f060019" />
<public type="id" name="layoutMessage" id="0x7f06001a" />
<public type="id" name="ivMessage" id="0x7f06001b" />
<public type="id" name="tvMessage" id="0x7f06001c" />
<public type="id" name="layoutMain" id="0x7f06001d" />
<public type="id" name="ivImage" id="0x7f06001e" />
<public type="id" name="tvTitle" id="0x7f06001f" />
<public type="id" name="tvQuestion" id="0x7f060020" />
<public type="id" name="etAnswer" id="0x7f060021" />
<public type="id" name="my_wait" id="0x7f060022" />
<public type="id" name="layoutTitle" id="0x7f060023" />
<public type="id" name="ibBack" id="0x7f060024" />
<public type="id" name="ibRefresh" id="0x7f060025" />
<public type="id" name="ibQuestion" id="0x7f060026" />
<public type="id" name="tvAlert" id="0x7f060027" />
<public type="id" name="lvList" id="0x7f060028" />
<public type="id" name="layerMCB_SInfo" id="0x7f060029" />
<public type="id" name="tvMCB_SId" id="0x7f06002a" />
<public type="id" name="tvMCB_STime" id="0x7f06002b" />
<public type="id" name="layerMCB_RInfo" id="0x7f06002c" />
<public type="id" name="tvMCB_RTime" id="0x7f06002d" />
<public type="id" name="tvMCB_RId" id="0x7f06002e" />
<public type="id" name="layerMCB_SContents" id="0x7f06002f" />
<public type="id" name="tvMCB_SContents" id="0x7f060030" />
<public type="id" name="layerMCB_RContents" id="0x7f060031" />
<public type="id" name="tvMCB_RContents" id="0x7f060032" />
<public type="id" name="progress_indicator" id="0x7f060033" />
<public type="id" name="youtube_view" id="0x7f060034" />
<public type="id" name="option_home" id="0x7f060035" />
<public type="id" name="option_back" id="0x7f060036" />
<public type="id" name="option_forward" id="0x7f060037" />
<public type="id" name="option_menu" id="0x7f060038" />
<public type="id" name="option_refresh" id="0x7f060039" />
<public type="id" name="option_finish" id="0x7f06003a" />
<public type="string" name="common_google_play_services_install_title" id="0x7f070000" />
<public type="string" name="common_google_play_services_install_text_phone" id="0x7f070001" />
<public type="string" name="common_google_play_services_install_text_tablet" id="0x7f070002" />
<public type="string" name="common_google_play_services_install_button" id="0x7f070003" />
<public type="string" name="common_google_play_services_enable_title" id="0x7f070004" />
<public type="string" name="common_google_play_services_enable_text" id="0x7f070005" />
<public type="string" name="common_google_play_services_enable_button" id="0x7f070006" />
<public type="string" name="common_google_play_services_update_title" id="0x7f070007" />
<public type="string" name="common_google_play_services_update_text" id="0x7f070008" />
<public type="string" name="common_google_play_services_network_error_title" id="0x7f070009" />
<public type="string" name="common_google_play_services_network_error_text" id="0x7f07000a" />
<public type="string" name="common_google_play_services_invalid_account_title" id="0x7f07000b" />
<public type="string" name="common_google_play_services_invalid_account_text" id="0x7f07000c" />
<public type="string" name="common_google_play_services_unknown_issue" id="0x7f07000d" />
<public type="string" name="common_google_play_services_unsupported_title" id="0x7f07000e" />
<public type="string" name="common_google_play_services_unsupported_text" id="0x7f07000f" />
<public type="string" name="common_google_play_services_unsupported_date_text" id="0x7f070010" />
<public type="string" name="common_google_play_services_update_button" id="0x7f070011" />
<public type="string" name="common_signin_button_text" id="0x7f070012" />
<public type="string" name="common_signin_button_text_long" id="0x7f070013" />
<public type="string" name="auth_client_using_bad_version_title" id="0x7f070014" />
<public type="string" name="auth_client_needs_enabling_title" id="0x7f070015" />
<public type="string" name="auth_client_needs_installation_title" id="0x7f070016" />
<public type="string" name="auth_client_needs_update_title" id="0x7f070017" />
<public type="string" name="auth_client_play_services_err_notification_msg" id="0x7f070018" />
<public type="string" name="auth_client_requested_by_msg" id="0x7f070019" />
<public type="string" name="Duration" id="0x7f07001a" />
<public type="string" name="BackgroundColor" id="0x7f07001b" />
<public type="string" name="AppName" id="0x7f07001c" />
<public type="string" name="Splash" id="0x7f07001d" />
<public type="string" name="SplashUse" id="0x7f07001e" />
<public type="string" name="Publisher" id="0x7f07001f" />
<public type="string" name="Website" id="0x7f070020" />
<public type="string" name="Email" id="0x7f070021" />
<public type="string" name="ContactNo" id="0x7f070022" />
<public type="string" name="Share" id="0x7f070023" />
<public type="string" name="Message" id="0x7f070024" />
<public type="string" name="DisplayPublishing" id="0x7f070025" />
<public type="string" name="DisplayTitle" id="0x7f070026" />
<public type="string" name="TitleColor" id="0x7f070027" />
<public type="string" name="TalkWithAdmin" id="0x7f070028" />
<public type="string" name="zoom_percent" id="0x7f070029" />
<public type="string" name="line_menu_bg_color" id="0x7f07002a" />
<public type="string" name="line_menu_text_color" id="0x7f07002b" />
<public type="string" name="line_menu_btn_bg_color" id="0x7f07002c" />
<public type="string" name="menu_type" id="0x7f07002d" />
<public type="string" name="menu_arc_position" id="0x7f07002e" />
<public type="string" name="menu_name" id="0x7f07002f" />
<public type="string" name="menu_url" id="0x7f070030" />
<public type="string" name="menu_icon" id="0x7f070031" />
<public type="string" name="menu_html" id="0x7f070032" />
<public type="string" name="app_name" id="0x7f070033" />
<public type="string" name="title_publisher" id="0x7f070034" />
<public type="string" name="title_email_address" id="0x7f070035" />
<public type="string" name="title_contact_number" id="0x7f070036" />
<public type="string" name="title_message" id="0x7f070037" />
<public type="string" name="title_website" id="0x7f070038" />
<public type="string" name="title_share" id="0x7f070039" />
<public type="string" name="title_contents" id="0x7f07003a" />
<public type="string" name="menu_location" id="0x7f07003b" />
<public type="string" name="arc_location" id="0x7f07003c" />
<public type="string" name="ibwebviewer_email_title" id="0x7f07003d" />
<public type="string" name="ibwebviewer_email_contents" id="0x7f07003e" />
<public type="string" name="ibwebviewer_email_send" id="0x7f07003f" />
<public type="string" name="ibwebviewer_alert_notice" id="0x7f070040" />
<public type="string" name="ibwebviewer_alert_ok" id="0x7f070041" />
<public type="string" name="ibwebviewer_alert_no" id="0x7f070042" />
<public type="string" name="ibwebviewer_finish" id="0x7f070043" />
<public type="string" name="ibwebviewer_alert_publisher" id="0x7f070044" />
<public type="string" name="ibwebviewer_alert_option" id="0x7f070045" />
<public type="string" name="ibwebviewer_alert_cancel" id="0x7f070046" />
<public type="string" name="ibwebviewer_alert_all" id="0x7f070047" />
<public type="string" name="ibwebviewer_alert_finish" id="0x7f070048" />
<public type="string" name="ibwebviewer_alert_home" id="0x7f070049" />
<public type="string" name="ibwebviewer_alert_talkwithadmin" id="0x7f07004a" />
<public type="string" name="ibwebviewer_alert_retry" id="0x7f07004b" />
<public type="string" name="ibwebviewer_alert_network_error" id="0x7f07004c" />
<public type="string" name="loading_video" id="0x7f07004d" />
<public type="string" name="noti_stop" id="0x7f07004e" />
<public type="string" name="check_url" id="0x7f07004f" />
<public type="string" name="notice_request" id="0x7f070050" />
<public type="string" name="notice_nickname" id="0x7f070051" />
<public type="string" name="ibwebviewer_alert_message1" id="0x7f070052" />
<public type="string" name="ibwebviewer_alert_message2" id="0x7f070053" />
<public type="string" name="ibwebviewer_alert_message3" id="0x7f070054" />
<public type="string" name="ibwebviewer_alert_message4" id="0x7f070055" />
<public type="string" name="ibwebviewer_alert_message5" id="0x7f070056" />
<public type="string" name="ibwebviewer_alert_message6" id="0x7f070057" />
<public type="string" name="ibwebviewer_alert_message7" id="0x7f070058" />
<public type="string" name="ibwebviewer_alert_message8" id="0x7f070059" />
<public type="string" name="ibwebviewer_alert_message9" id="0x7f07005a" />
<public type="string" name="ibwebviewer_alert_message11" id="0x7f07005b" />
<public type="string" name="ibwebviewer_alert_message12" id="0x7f07005c" />
<public type="string" name="ibwebviewer_alert_message13" id="0x7f07005d" />
<public type="string" name="ibwebviewer_alert_message14" id="0x7f07005e" />
<public type="string" name="ibwebviewer_alert_message15" id="0x7f07005f" />
<public type="string" name="ibwebviewer_alert_message16" id="0x7f070060" />
<public type="string" name="ibwebviewer_alert_message17" id="0x7f070061" />
<public type="string" name="network_error1" id="0x7f070062" />
<public type="string" name="network_error2" id="0x7f070063" />
<public type="string" name="network_error3" id="0x7f070064" />
<public type="integer" name="google_play_services_version" id="0x7f080000" />
<public type="dimen" name="activity_horizontal_margin" id="0x7f090000" />
<public type="dimen" name="activity_vertical_margin" id="0x7f090001" />
<public type="array" name="menu_location" id="0x7f0a0000" />
<public type="array" name="arc_location" id="0x7f0a0001" />
<public type="style" name="AppBaseTheme" id="0x7f0b0000" />
<public type="style" name="AppTheme" id="0x7f0b0001" />
<public type="style" name="stylePopupSort" id="0x7f0b0002" />
<public type="style" name="PopupAnimation" id="0x7f0b0003" />
<public type="style" name="styleBasicText" id="0x7f0b0004" />
<public type="style" name="styleActivityTitle" id="0x7f0b0005" />
<public type="style" name="styleBasicButtonHeight" id="0x7f0b0006" />
<public type="menu" name="option_menu" id="0x7f0c0000" />
</resources>