<?xml version="1.0" encoding="utf-8"?>
<resources>
<string name="common_google_play_services_install_title">Get Google Play services</string>
<string name="common_google_play_services_install_text_phone">"This app won't run without Google Play services, which are missing from your phone."</string>
<string name="common_google_play_services_install_text_tablet">"This app won't run without Google Play services, which are missing from your tablet."</string>
<string name="common_google_play_services_install_button">Get Google Play services</string>
<string name="common_google_play_services_enable_title">Enable Google Play services</string>
<string name="common_google_play_services_enable_text">"This app won't work unless you enable Google Play services."</string>
<string name="common_google_play_services_enable_button">Enable Google Play services</string>
<string name="common_google_play_services_update_title">Update Google Play services</string>
<string name="common_google_play_services_update_text">"This app won't run unless you update Google Play services."</string>
<string name="common_google_play_services_network_error_title">Network Error</string>
<string name="common_google_play_services_network_error_text">A data connection is required to connect to Google Play services.</string>
<string name="common_google_play_services_invalid_account_title">Invalid Account</string>
<string name="common_google_play_services_invalid_account_text">The specified account does not exist on this device. Please choose a different account.</string>
<string name="common_google_play_services_unknown_issue">Unknown issue with Google Play services.</string>
<string name="common_google_play_services_unsupported_title">Google Play services</string>
<string name="common_google_play_services_unsupported_text">Google Play services, which some of your applications rely on, is not supported by your device. Please contact the manufacturer for assistance.</string>
<string name="common_google_play_services_unsupported_date_text">The date on the device appears to be incorrect. Please check the date on the device.</string>
<string name="common_google_play_services_update_button">Update</string>
<string name="common_signin_button_text">Sign in</string>
<string name="common_signin_button_text_long">Sign in with Google</string>
<string name="auth_client_using_bad_version_title">An application attempted to use a bad version of Google Play Services.</string>
<string name="auth_client_needs_enabling_title">An application requires Google Play Services to be enabled.</string>
<string name="auth_client_needs_installation_title">An application requires installation of Google Play Services.</string>
<string name="auth_client_needs_update_title">An application requires an update for Google Play Services.</string>
<string name="auth_client_play_services_err_notification_msg">Google Play services error</string>
<string name="auth_client_requested_by_msg">Requested by %1$s</string>
<string name="Duration">3</string>
<string name="BackgroundColor">\#ff7d7d7d</string>
<string name="AppName">Agronomy</string>
<string name="Splash" />
<string name="SplashUse">N</string>
<string name="Publisher">Agronomy Helper</string>
<string name="Website">http://agronomyhelper.wordpress.com</string>
<string name="Email">agronomyhelper@gmail.com</string>
<string name="ContactNo">7543872373</string>
<string name="Share" />
<string name="Message">He dear&lt;br>Users&lt;br>&lt;br>Agronomy Helper is developed for helping people and villages accross the nation.&lt;br>&lt;br>Feel free to contact us anytime.&lt;br>&lt;br>&lt;br>&lt;br>&lt;br>Powered by NsmTechnicals</string>
<string name="DisplayPublishing">Y</string>
<string name="DisplayTitle">Y</string>
<string name="TitleColor">\#ff000000</string>
<string name="TalkWithAdmin">Y</string>
<string name="zoom_percent">0</string>
<string name="line_menu_bg_color">\#ffe4e4e4</string>
<string name="line_menu_text_color">\#ff202020</string>
<string name="line_menu_btn_bg_color">\#ffc0c0c0</string>
<string name="menu_type">none</string>
<string name="menu_arc_position">arc_right_bottom</string>
<string name="menu_name">ib_home,ib_talkwithadmin,ib_publisher,ib_finish</string>
<string name="menu_url">http://agronomyhelper.wordpress.com,Web2app_talkwithadmin,Web2app_publisher,Web2app_finish</string>
<string name="menu_icon">d1,d2,d3,d4</string>
<string name="menu_html">,,,</string>
<string name="app_name">Agronomy</string>
<string name="title_publisher">Publisher</string>
<string name="title_email_address">Email</string>
<string name="title_contact_number">Contact No</string>
<string name="title_message">Message</string>
<string name="title_website">Web Site</string>
<string name="title_share">Share</string>
<string name="title_contents">Menu</string>
<string name="menu_location">Location of Menu</string>
<string name="arc_location">Location of Arc Menu</string>
<string name="ibwebviewer_email_title">Title</string>
<string name="ibwebviewer_email_contents">Contents</string>
<string name="ibwebviewer_email_send">Send Email</string>
<string name="ibwebviewer_alert_notice">Notice</string>
<string name="ibwebviewer_alert_ok">Ok</string>
<string name="ibwebviewer_alert_no">No</string>
<string name="ibwebviewer_finish">Finish</string>
<string name="ibwebviewer_alert_publisher">Publisher</string>
<string name="ibwebviewer_alert_option">Option</string>
<string name="ibwebviewer_alert_cancel">cancel</string>
<string name="ibwebviewer_alert_all">All Menu</string>
<string name="ibwebviewer_alert_finish">Exit App</string>
<string name="ibwebviewer_alert_home">HOME</string>
<string name="ibwebviewer_alert_talkwithadmin">1:1 Inquiry</string>
<string name="ibwebviewer_alert_retry">Retry</string>
<string name="ibwebviewer_alert_network_error">Network Error</string>
<string name="loading_video">Loading video</string>
<string name="noti_stop">Stop display</string>
<string name="check_url">http://www.appmake.net/app/checkApp.ax</string>
<string name="notice_request">Ask a question</string>
<string name="notice_nickname">Nickname</string>
<string name="ibwebviewer_alert_message1">Are you sure you want to quit ?</string>
<string name="ibwebviewer_alert_message2">Can not connect to network.</string>
<string name="ibwebviewer_alert_message3">Both cannot be disabled.</string>
<string name="ibwebviewer_alert_message4">This app cannot run. App will be terminated.</string>
<string name="ibwebviewer_alert_message5">The player has not been installed. go to the market ?</string>
<string name="ibwebviewer_alert_message6">Do you want to download the image ?</string>
<string name="ibwebviewer_alert_message7">Download image completed.</string>
<string name="ibwebviewer_alert_message8">The calling app is not installed.</string>
<string name="ibwebviewer_alert_message9">You must set a nickname first.</string>
<string name="ibwebviewer_alert_message11">Administrators are unable to use this feature.</string>
<string name="ibwebviewer_alert_message12">The nickname can not be used.</string>
<string name="ibwebviewer_alert_message13">Registered.</string>
<string name="ibwebviewer_alert_message14">You can inquiry via the input button on the top.</string>
<string name="ibwebviewer_alert_message15">Message can not be sent because the app manager is not yet set.</string>
<string name="ibwebviewer_alert_message16">Please enter content.</string>
<string name="ibwebviewer_alert_message17">Please enter nickname.</string>
<string name="network_error1">Verify network status and try again.</string>
<string name="network_error2">Have not get the data from the server.</string>
<string name="network_error3">Stopped by user request.</string>
</resources>
