<?xml version="1.0" encoding="utf-8"?>
<resources>
<style name="AppBaseTheme" parent="@android:style/Theme.Light" />
<style name="AppTheme" parent="@style/AppBaseTheme" />
<style name="stylePopupSort"><item name="android:textColor">#ffffffff</item><item name="android:gravity">center|left</item><item name="android:paddingLeft">7.0dip</item><item name="android:paddingRight">5.0dip</item><item name="android:layout_height">38.0dip</item></style>
<style name="PopupAnimation" parent="@android:style/Animation"><item name="android:windowEnterAnimation">@anim/in</item><item name="android:windowExitAnimation">@anim/out</item></style>
<style name="styleBasicText"><item name="android:textColor">#ffffffff</item><item name="android:gravity">bottom|center|left</item><item name="android:paddingLeft">5.0dip</item><item name="android:paddingBottom">5.0dip</item><item name="android:minHeight">35.0dip</item></style>
<style name="styleActivityTitle"><item name="android:gravity">center|left</item><item name="android:minHeight">48.0dip</item></style>
<style name="styleBasicButtonHeight"><item name="android:layout_height">56.0dip</item></style>
</resources>
